Source;Title;Price;Position;Thumbnail;Link
Bigl.ua;Електрочайник Gorenje K 17 FE II No 20200823;99.0;32;"<img src=""https://encrypted-tbn1.gstatic.com/shopping?q=tbn:ANd9GcTeyr5uBcLaQt6wbUQ7fy67GI-4oJRXCcZoaFCnwJKRI0FahMsy96DEhDaZWNCaE7vZsGNjeNZAYFnQP_Oy9pwxYyF_SFeQGAprlqFHPHm1&usqp=CAE""width=""60"" height=""60"">";"<a href=""https://bigl.ua/ua/p1250013327-elektrochajnik-gorenje-20200823"">link</a>"
Эра электроники;Электрочайник Gorenje K17GWE;753.0;2;"<img src=""https://encrypted-tbn2.gstatic.com/shopping?q=tbn:ANd9GcQIelzC1AXwCyOOqd0s9x2XKFzBwBD_oie0xZwmrOSUV47fCE9QqwKjZYeMv7U4hdDPJGagisks3AYTlIGmWamAKw-MxUtSGL2TWRxx6g3FnrWoywIcRP36&usqp=CAE""width=""60"" height=""60"">";"<a href=""https://era-elektroniki.com.ua/kitchen/teapots/gorenje-k17gwe-180616.html"">link</a>"
57.UA;Электрочайник GORENJE K17S;845.0;26;"<img src=""https://encrypted-tbn1.gstatic.com/shopping?q=tbn:ANd9GcRaZ99Wn3_CErpjYaQ5D_t8UTaqbiTsRZa2DQt4IJLl6cJ1RRhA5DtjbMYgpOakuGtGyQUN8Vs4nYgxB-Uis4X5a1z3rhUaAbkysTDVbs5QVOZG8Lm0GYlcVg&usqp=CAE""width=""60"" height=""60"">";"<a href=""https://57.ua/gorenje-k-17-s.html"">link</a>"
ЕПІЦЕНТР Автозапчастини;Электрочайник Gorenje K17WII;899.0;5;"<img src=""https://encrypted-tbn0.gstatic.com/shopping?q=tbn:ANd9GcSriJRBK93vTnyOjKX3QGUsyX_ymieVD-sxCPLSt-iN9wCn_mxrOSeXjn_h0D4nJZvDvGHszp6IDIpRQUsoOY52iSkUSJUbUt-dROUAJHpqedVcr-fH3u_F2g&usqp=CAE""width=""60"" height=""60"">";"<a href=""https://epicentrk.ua/shop/elektrochaynik-gorenje-k17wii.html"">link</a>"
Эра электроники;Електрочайник Gorenje K15DWB;909.0;37;"<img src=""https://encrypted-tbn0.gstatic.com/shopping?q=tbn:ANd9GcSCgfQKsoCHSP2U6irrtXoruFcZAuOjrxlq3SKEGKExDRbu_hmi9ZmfYkh1XcYb8E8ZJIWCO3NX8f7P9MDeRY30VYY69FyNQTKOe6HWykc&usqp=CAE""width=""60"" height=""60"">";"<a href=""https://era-elektroniki.com.ua/ua/kitchen/teapots/gorenje-k15dwb-209582.html"">link</a>"
Море инструментов;﻿Электрочайник Gorenje K17WE;954.0;45;"<img src=""https://encrypted-tbn1.gstatic.com/shopping?q=tbn:ANd9GcSVAc4Bkmun8kw7F2oqi_9pCCEOaJGPcdmlH2Xz7MRQdlHO-KbmnNTPgOCXfLCPhW4dS9imlgjakZhw9WVXV8l_08oUARLVN0Tq4UUhxqD6DocogwXh1lGf&usqp=CAE""width=""60"" height=""60"">";"<a href=""https://sea-tools.com.ua/item/elektrochaynik_gorenje_k17we"">link</a>"
Prom.ua;Електрочайник Gorenje K17WE White;959.0;58;"<img src=""https://encrypted-tbn0.gstatic.com/shopping?q=tbn:ANd9GcSzU6aNYirTQJp-S0ejMMTzjOG2tGsKoSIFmq_nXcnWUyMNB1juVDUwgeaUtPSjaze83xbNY-rKr6VtTJwcO-CGRrhpl2PGgsUyaA0Q_8pL_O_VQQ7mQ1H4&usqp=CAE""width=""60"" height=""60"">";"<a href=""https://prom.ua/ua/p1517058344-elektrochajnik-gorenje-k17we.html?srsltid=AYJSbAfCG4vdzeUdN9_bGD5aemHzdoY9Xavm3w9Jt6XG_cGQWzBig3juXU8"">link</a>"
Tehnos.ua;Электрочайник Gorenje K17FEII;975.0;35;"<img src=""https://encrypted-tbn2.gstatic.com/shopping?q=tbn:ANd9GcSXdhrDdjMoC-Bb7tKdyhORCwmWyXS0-RdXFIyVEfwLs_uaMfhvnYlbGJVbmNfudhLu53GAc_nuYw2oU0mKlxTsPQVljgutfkEUiIlOTyfawwufZXnm576j&usqp=CAE""width=""60"" height=""60"">";"<a href=""https://www.tehnos.com.ua/p110084/elektrochayniki-gorenje-k-17-feii"">link</a>"
Foxtrot.ua;Электрочайник Gorenje K17WE;999.0;3;"<img src=""https://encrypted-tbn1.gstatic.com/shopping?q=tbn:ANd9GcQ7OW8YvX7mIlbfO6qWejbWEwB5GKwyS1nqmCstaHVgZZQGzTc5DYAU5GZAK_hNIIxsMRWExyAberkjvQd1OrHT4rc_0XUrcppvssh5MYVRH0nemwRxHKIzfQ&usqp=CAE""width=""60"" height=""60"">";"<a href=""https://www.foxtrot.com.ua/ru/shop/elektrochayniki_gorenje_k-17-we-ke01301z-gs.html"">link</a>"
coffeeok;Электрочайник Gorenje K17WE 1,7 л;999.0;56;"<img src=""https://encrypted-tbn3.gstatic.com/shopping?q=tbn:ANd9GcSlrZex5SB4cfVRFN3Be4fXBTBmkZly1s-PFwUDMlYy4MrwvujEaGJsiMjbbQxzglLPnJhl5isZ7t452oB2OESYnv-73uOFq_1T1-AETWNoSTbWKxiCAxkH&usqp=CAE""width=""60"" height=""60"">";"<a href=""https://coffeeok.com.ua/product/jelektrochajnik-gorenje-k17we-1-7-l.html"">link</a>"
Gorenje Shop;Електрочайник GORENJE K 17 FEII;999.0;55;"<img src=""https://encrypted-tbn2.gstatic.com/shopping?q=tbn:ANd9GcS2yX2psRyUItvSIxj_cR9EwSnWwbYLWBCmCulqzsALLI75gfxu_SmxLg96ynE3s-XwBtYpnbGy53PpKW33RlD-NRlfF8rabQ&usqp=CAE""width=""60"" height=""60"">";"<a href=""https://gorenje-shop.com/c-elektrochayniki/p-elektrochaynik-gorenje-k-17-feii?srsltid=AYJSbAc3FYGGwjgjyilgBB7nqZUxX3liS9BnZTMJaH4ZM8X2UQ_nCGsaFZE"">link</a>"
Техностар;Электрочайник Gorenje K17WII (FK-1401);999.0;51;"<img src=""https://encrypted-tbn0.gstatic.com/shopping?q=tbn:ANd9GcQAwBZrqdwsGCTtUvbesaFbF4SCpusWO8pM3pt5f7CFrRvOwVaT7p2cvJQh1sLBt1fcqOpO6zkVkHtIQrcx7Lc4ZjJIeF-Q&usqp=CAE""width=""60"" height=""60"">";"<a href=""https://tehnostar.com.ua/elektrochayniki/Gorenje_K17WII---FK-1401--1-7-l--2200-vt.html"">link</a>"
yavshoke.ua;Электрочайник Gorenje K-17-WE 1.7 л;1006.0;48;"<img src=""https://encrypted-tbn2.gstatic.com/shopping?q=tbn:ANd9GcSyToU6yA1qckR5kXSUkuHITs5Eg2iZEGk2oCBdgodyxqlGxbMnYKzW1M_WAvwPD8RK6k_dILWPAah1Efs3aDhGq3UPv1Rq4fL_u1DgQ_55GUMHPgnW9cV-YQ&usqp=CAE""width=""60"" height=""60"">";"<a href=""https://yavshoke.ua/elektrochaynik-gorenje-k-17-we-17-l-k-17-we/"">link</a>"
ROZETKA;Электрочайник Gorenje K17S. Электрочайники;1035.0;31;"<img src=""https://encrypted-tbn1.gstatic.com/shopping?q=tbn:ANd9GcQ091JwSgNOjX68gmwA4RLiwgBOQau8ruo8iM6GZtI8vfmw-98k103Fh3CyioaCGjDWyqOZ7wSrTPxjkuEZ8ko2QK9XiFINqmBM6NePqRtqzfSVzqVwaO1M5A&usqp=CAE""width=""60"" height=""60"">";"<a href=""https://bt.rozetka.com.ua/344284768/p344284768/?utm_l=r"">link</a>"
F.UA - Той Самий;Електрочайник Gorenje K15DWW;1053.0;25;"<img src=""https://encrypted-tbn0.gstatic.com/shopping?q=tbn:ANd9GcQR42fUUTdJFSf72UAVyXcpqR7n-xRC0eAYSZ4cYsDvih3XXk4y-Xy-wOsYzPYYuAU_A1PZd0dpFhSHaWqxe6evvDBvHkNnKcy_9zSpiNqf&usqp=CAE""width=""60"" height=""60"">";"<a href=""https://f.ua/ua/gorenje/yelektrochaynik-gorenje-k15dww-1-5-l-2200-vt-dvoyniye-stenki-iz-nerjav-avtootklyuchenie-beliy.html?srsltid=AYJSbAeLpKzBkicYDv1__woH-Xc9qc5K00-A6LnSxarri540k4KSB7R1R14"">link</a>"
sz.ua;Электрочайник Gorenje K 17 FEII (K17FEII);1069.0;61;"<img src=""https://encrypted-tbn3.gstatic.com/shopping?q=tbn:ANd9GcQdOu4uVOb0XeYKqRnKP2Ce9Dz1BMVpNJcxlJQlAXkbisZxYkgNrtTsSodG1pGrUjZF5EKRSEX4t7AUnN0zKrA2MfRubcBkqvWfyOYi5Dk7aorfe5Va85Tg3A&usqp=CAE""width=""60"" height=""60"">";"<a href=""https://sz.ua/elektrochaynuk-gorenje-k-17-feii-k17feii/"">link</a>"
Prom.ua;Чайник Gorenje K17BK (KE01301Z-GS);1079.0;33;"<img src=""https://encrypted-tbn0.gstatic.com/shopping?q=tbn:ANd9GcTsU3j4zHZTNeXh2yFgWHn8DkDOvmI1hkMU5iBuykRMYzpT_TM8_f_QpsF-B_pzKIeDvUEvMEBFZXbrWSEZYmW0D7dT7uJbwi04uYw2KL4&usqp=CAE""width=""60"" height=""60"">";"<a href=""https://prom.ua/p1148526997-chajnik-gorenje-k17bk.html?srsltid=AYJSbAfeA0jSrMwpyQyBLXZ8dhflEU1w3PzgXOUixIiFavbg0r3yiKAErt8"">link</a>"
Synthetic;Электрочайник Gorenje K 17 W II (K17WII);1110.0;38;"<img src=""https://encrypted-tbn1.gstatic.com/shopping?q=tbn:ANd9GcQzCxih6Jp6ZCMTkdtjUMGAyyLBXvuMwupjNkk9rmNJSLIa_VDmnWMcOz1j6iV6n6-mYGIRqXR3kZaUy8c0tyDPEXNLy9QjamiJlynC0ZiF&usqp=CAE""width=""60"" height=""60"">";"<a href=""https://synthetic.ua/ru/product/elektrochainik-gorenje-k-17-w-ii-k17wii/P04815UO/CS5M9NVAD?srsltid=AYJSbAd977iBlDieC1yZbldEHQzKzWz1sxZGiG75s2cZYpDQRFJJJdIBxF4"">link</a>"
Море инструментов;﻿Электрочайник Gorenje K17S;1139.0;57;"<img src=""https://encrypted-tbn2.gstatic.com/shopping?q=tbn:ANd9GcQZU2qkyt0fW2s0kUnrz8JFoWq0azGRZiWo7Dkv6ATcxAYNzflQe4qZMnzAN0Kj7RCn-ehCSA0BxAlnL0WJoKr-BYOK__77wUBjI9M-8SxBTRQBYTLYXf-0rg&usqp=CAE""width=""60"" height=""60"">";"<a href=""https://sea-tools.com.ua/item/elektrochaynik_gorenje_k17s"">link</a>"
ТЕХНОточка;Чайник Gorenje K17GE;1148.0;9;"<img src=""https://encrypted-tbn0.gstatic.com/shopping?q=tbn:ANd9GcRgZf54CqkN6DxBD1JhGwAJnSMfjSz-ebBpcOOfoXFqsLrf9zz2RbEnlYRR3MMWBXCoZqzc7YiBFs-ksg_NXz-ARmCGHVbc&usqp=CAE""width=""60"" height=""60"">";"<a href=""https://tt.ua/gorenje-k17ge?srsltid=AYJSbAeMDJb0Nzodp0_s_B66tA7UwaGTAobcGyJYZG83Z4xC-PgY_TlPZlI"">link</a>"
ROZETKA;Электрочайник Gorenje K17GE. Электрочайники;1181.0;6;"<img src=""https://encrypted-tbn2.gstatic.com/shopping?q=tbn:ANd9GcSygZFAtMxDelW6Mq2DUO5RqGgiTzL7AM7lOMwj53xBxHT4te9yUlh2E7gg1fdTI1sTMpHf1jUHkUSHOmZvV2grl6NmcBMtEqqDhSuIjEucH2JtOZBBA3J6&usqp=CAE""width=""60"" height=""60"">";"<a href=""https://bt.rozetka.com.ua/342519985/p342519985/?utm_l=r"">link</a>"
coffeeok;Електрочайник Gorenje K17S 1,7 л;1199.0;40;"<img src=""https://encrypted-tbn3.gstatic.com/shopping?q=tbn:ANd9GcRaSKXRS-D0OkYFmwnwWV3048AqYoiLRsHCng1i5E_NDfpod_Pxv4bvIM0W2qdFW1-ng2MY_FTwjYsxFxjsySLjqw-vQ_3ME8L11oxRyb8AAseTsdSoNs_mZw&usqp=CAE""width=""60"" height=""60"">";"<a href=""https://coffeeok.com.ua/ua/product/jelektrochajnik-gorenje-k17s-1-7-l.html"">link</a>"
Foxtrot.ua;Электрочайник Gorenje (K17GLBW);1199.0;42;"<img src=""https://encrypted-tbn2.gstatic.com/shopping?q=tbn:ANd9GcRbYVMu4ouYlXf8Rbziv0A9uSIB-DI9E-YGC8ZL6C78kpLDG-l8K2qEa_n4ENalzQBb392_AvDxFIET83BKTxJQoh4CCJ6ybYQY27srqqbCRG7LSLgoSxtN&usqp=CAE""width=""60"" height=""60"">";"<a href=""https://www.foxtrot.com.ua/ru/shop/elektrochayniki_gorenje_k-17-glbw-kec8058-gs.html"">link</a>"
Dzvinok;Електрочайник GORENJE K17FEII;1199.0;59;"<img src=""https://encrypted-tbn2.gstatic.com/shopping?q=tbn:ANd9GcSDch5UAoKPNkMKsVJHs80UxZZQ2qiYbe4R-wAAHZvsK0ySmNU_qytKfL8TCi8gg3EOAN4s5ybUu6cJMc8DbyTYWWze7XNidJL4RXcdDsPB&usqp=CAE""width=""60"" height=""60"">";"<a href=""https://dzvinok.ua/chajniki/gorenje-k17feii-367411/"">link</a>"
MTA.UA;Електрочайник Gorenje K17GE Black;1257.0;46;"<img src=""https://encrypted-tbn3.gstatic.com/shopping?q=tbn:ANd9GcRmuum_d2gioIt3pRKeTbEC5qED9FX4M1EYcr_iqupJZDYER0O2W5YKcAo1o2n3yepWQHMBOOZWkBIus6JURACf8b3ztZFWykgiew-NZcyUEQ30_Q_ksLSC&usqp=CAE""width=""60"" height=""60"">";"<a href=""https://mta.ua/elektrochainiki/194489-elektrochaynyk-gorenje-k17ge?srsltid=AYJSbAdLOQ34TYf1si6uAG84bWA0R8VTLcJMrwjgMTiQHPevm0JouOe7HAw"">link</a>"
Мобиллак;Gorenje Электрочайник K 17 FE (K17FE);1258.0;34;"<img src=""https://encrypted-tbn2.gstatic.com/shopping?q=tbn:ANd9GcQG5mwa9E_e6RwZh_ugPgvJVoZ9QSqdwHr0laLT01rRXkJkBGNAOD64YlbhljL2Ps8Nl2hdyMNvKCqFFD1G5neQ7amulM77kd4A4HsGgjFscap9FCfR30nLOA&usqp=CAE""width=""60"" height=""60"">";"<a href=""https://www.mobilluck.com.ua/katalog/Electrokettle/Gorenje/Gorenje-Elektrocajnik_K_17_FE_K17FE_-2723316.html"">link</a>"
Море инструментов;﻿Электрочайник Gorenje K17GE;1290.0;17;"<img src=""https://encrypted-tbn2.gstatic.com/shopping?q=tbn:ANd9GcQ34Eqkf9quGG8Y25IG1z_nzXhmKn8tdU-lqO7Wp-jNUG-r-N94GPCSEfUgr8e0g7GMeK2sz2Q01rwlZDxNSt2WlD8_bqk55EFzqs52XPNJmfX3LqFHRSGg&usqp=CAE""width=""60"" height=""60"">";"<a href=""https://sea-tools.com.ua/item/elektrochaynik_gorenje_k17ge"">link</a>"
sz.ua;Электрочайник Gorenje K 17 FE (K17FE);1319.0;29;"<img src=""https://encrypted-tbn2.gstatic.com/shopping?q=tbn:ANd9GcTI_RXeQ5x33GIZbN0QmcZWlliP4q1qxkDv_Vzrm3-Z7dco3zjiwrpGVL4PJagxlythk-6G2uaR9DDk4t8BMn3KlBj_BcyTyn8KQ_bk0fxFl8VUkp5Tv5wpfg&usqp=CAE""width=""60"" height=""60"">";"<a href=""https://sz.ua/elektrochaynuk-gorenje-k-17-fe-k17fe/"">link</a>"
IZI.UA;Электрочайник Gorenje K17GE;1399.0;10;"<img src=""https://encrypted-tbn3.gstatic.com/shopping?q=tbn:ANd9GcQwvi18dKnO3ft6Ge6PHckatS1_PNF2gQG7ZQsJJ6X0oAjsg8v27YnfgZLARpDSbIQOimnXX-B4pNjPh0QzCH3hU7r4SkNcauyTm3_3BBGBqd4yEl9rFJ2I&usqp=CAE""width=""60"" height=""60"">";"<a href=""https://izi.ua/p-58056714-elektrochaynik-gorenje-k17ge?srsltid=AYJSbAcbEz4SOdQ0uBUs3o0Jcv3Ky8cMrJmH5XSqKL_We8_P71s2xXgg0Nc"">link</a>"
coffeeok;Електрочайник Gorenje K17GE 1,7 л;1399.0;4;"<img src=""https://encrypted-tbn3.gstatic.com/shopping?q=tbn:ANd9GcREcgNelqx-QKzKfQqpSpw5Mfhv4a4ywxbo6s6oDf8ggiU7hL5tGNsGH5Q3-Mz1C8ofqKujF4WBMsFEEhhPdKYS3Ly0ZIfgGTgMT2knhswscfCrv8A36MSinA&usqp=CAE""width=""60"" height=""60"">";"<a href=""https://coffeeok.com.ua/ua/product/jelektrochajnik-gorenje-k17ge-1-7-l.html"">link</a>"
Техностар;Электрочайник Gorenje K 17 GE (K17GE);1399.0;14;"<img src=""https://encrypted-tbn1.gstatic.com/shopping?q=tbn:ANd9GcS_bJDxDH4OJ1ABR65IOBqQD86cwF3PwZAKvMknOT5kQiA8u7ZuHaNxc-vK2oXb9pIs4q0wFA1_881ehhGD4dP8Epy9spkN&usqp=CAE""width=""60"" height=""60"">";"<a href=""https://tehnostar.com.ua/elektrochayniki/Gorenje_K-17-GE--K17GE-.html"">link</a>"
ROZETKA;Электрочайник Gorenje K17FEII. Электрочайники;1441.0;50;"<img src=""https://encrypted-tbn2.gstatic.com/shopping?q=tbn:ANd9GcQrHsCF8H50cl08bF4JdAhzl7HZiebssgXqimTJ_Ubh596GMv3izU9WYmJwpJk09OYn3rtOPE9nHQWdZPmvZYNCuWmSDXc8GHwtcPHiJRNmQ4eaS6vYcdiKNw&usqp=CAE""width=""60"" height=""60"">";"<a href=""https://bt.rozetka.com.ua/354406806/p354406806/?utm_l=r"">link</a>"
33-2;Електрочайник Gorenje K15ORAW;1469.0;41;"<img src=""https://encrypted-tbn1.gstatic.com/shopping?q=tbn:ANd9GcQZwif1i4LNyGK4Z1lS5GfRTvdqBbouah0Zv790WYWVlsxJCzAjI6MoDRrKdcSBFy4QXeBzKOXZop9rclKqksFTGEHJB4-OlOsQdVqmwaDzjBFcTZ0pSv6J&usqp=CAE""width=""60"" height=""60"">";"<a href=""https://33-2.com.ua/chaynik-gorenje-k-15-oraw-ke3061-gs/?srsltid=AYJSbAeebdMG7nUjYPzLDz6LvsOmWHjtvqo_JPn04oUZouiOT8LUZSrtl3I"">link</a>"
Gorenje Shop;Электрочайник Gorenje K15ORAB;1494.0;36;"<img src=""https://encrypted-tbn2.gstatic.com/shopping?q=tbn:ANd9GcRPeUTfU0Ilcxwb4wQY1QpHL22nJf2P9H_wdRMMzessVatJAexSJfWaWLwXKdO5pxolIyOOeD7GteusAe9l4DFQjrOrQEd7rgmLI_G9ti-S9Ibh5aD5PMk5IA&usqp=CAE""width=""60"" height=""60"">";"<a href=""https://gorenje-shop.com/c-elektrochayniki/p-elektrochaynik-gorenje-k-15-orab?srsltid=AYJSbAc-IkoYJZPVXkGzHOJavKLwMzuZWPGutoUaFTnpTtGhHZPiTIPaOh8"">link</a>"
Цитрус;Електрочайник Gorenje K15ORAB;1499.0;39;"<img src=""https://encrypted-tbn0.gstatic.com/shopping?q=tbn:ANd9GcTUrdZoFM_OMQbqYOvKvC33u3-4W4OCygjOlWbVqkFchBg6gCWGeo97dXpaKYvGwO4jGI_SObAETJ3XnYgZF1LnZJnQt664Qx7bGcZiex4SgVt061-BvwAvWA&usqp=CAE""width=""60"" height=""60"">";"<a href=""https://www.ctrs.com.ua/uk/elektrochayniki/elektrochaynik-gorenje-k15orab-692961.html"">link</a>"
ВіЯр;Электрочайник K 15 RLBK Gorenje;1581.3;52;"<img src=""https://encrypted-tbn1.gstatic.com/shopping?q=tbn:ANd9GcT6W5dhkoNBq6Pb15r6XoOMac3C1xHQrpmnngNmntwIRPZnkKneJb3ktst8xtY83-uABRET0zlANgGtVAOBa7BQsPA0UZGEaeBSTPOdhPkg9c8BaoVhP5HY&usqp=CAE""width=""60"" height=""60"">";"<a href=""https://viyar.ua/catalog/elektrochaynik_k_15_rlbk_gorenje/?srsltid=AYJSbAd2LghsFLYYJAofzd_b2PMWfW2n9KGUnlVObWX5YF7XGY0f-4unuVc"">link</a>"
ub.ua - m-lineshop.ub.ua;Електрочайник Gorenje K 15 DWW (K15DWW) MLN;1615.0;23;"<img src=""https://encrypted-tbn3.gstatic.com/shopping?q=tbn:ANd9GcQkXZ0nQwAS6sJ14Bz2EWYMXXWq2cGZ0wYZ-YY6RYVZBrRc5RYdBxnhdxptpETswQ-vyyu8hhqCvpika6Z4VgULq6abhuqN&usqp=CAE""width=""60"" height=""60"">";"<a href=""https://m-lineshop.ub.ua/goods/view/28964631/all/elektrochaynik-gorene-k-15-dww-k15dww-mln/"">link</a>"
Soho!;Электрочайник Gorenje K17G Silver;1628.0;30;"<img src=""https://encrypted-tbn2.gstatic.com/shopping?q=tbn:ANd9GcR5wDnkYYqnU8tjfwG23nYwzJw8TzdgAKYQwyCrvlUlLnjKnu1emGqEabSzNLppv7r34xiXMMntqpBDJRgHtAji7iM-a4OIOxc5Nadn6Diw9Fhu_oVqKNKq&usqp=CAE""width=""60"" height=""60"">";"<a href=""https://soho.com.ua/p1606817952-elektrochajnik-gorenje-k17g.html?source=merchant_center"">link</a>"
ROZETKA;Електрочайник Gorenje K17GE. Електрочайники;1634.0;12;"<img src=""https://encrypted-tbn3.gstatic.com/shopping?q=tbn:ANd9GcRMpqhsxyr58NLgcWlg5epRWmEZUH9hgxdijSP-0XQOIza8dcvU65W9MKfWSg_8XcUDOYgZI02Q6k8OrNDFyFWb5HnxQ-1I0c2eq-d1mtfOkll81QbnXRxwOQ&usqp=CAE""width=""60"" height=""60"">";"<a href=""https://bt.rozetka.com.ua/ua/303990458/p303990458/"">link</a>"
UkrCeny Shop;Электрочайник Gorenje K 15 RL (K15RL);1727.0;8;"<img src=""https://encrypted-tbn1.gstatic.com/shopping?q=tbn:ANd9GcSDfNi9LW32x7sHMR9CkWlisE7c5X4PIliuotFucPUcmyrpXjg8fD7YBwWB10MxshHWxabW7ZkxuuJJVSor9FPnrvccMBot&usqp=CAE""width=""60"" height=""60"">";"<a href=""https://shop.ukrceny.com.ua/index.php?route=product/product&product_id=9984"">link</a>"
Tovary;Електрочайник Gorenje K 17 CLI;1839.0;43;"<img src=""https://encrypted-tbn0.gstatic.com/shopping?q=tbn:ANd9GcSPDzvHX_TpSzIMwpfGmBcLgeUOmfEs_scf4u_re5di7HFXlQOH4g7cz4Oqu18yO2oz0oaFAPccGg6I0KzwGRxr9Gba4OMmew&usqp=CAE""width=""60"" height=""60"">";"<a href=""https://tovary.com.ua/c-elektrochajniki/p-elektrochaynik-gorenje-k-17-cli-wk8213ndy-1?srsltid=AYJSbAddf9q_1Fa9UdI2gbX_Np9e4SEebZgPKf5RjEVpIH4MzzljG99bwZk"">link</a>"
Origitech;Електрочайник GORENJE K17CLBK;1895.0;16;"<img src=""https://encrypted-tbn3.gstatic.com/shopping?q=tbn:ANd9GcSe3vN6Qq9hf7mqVv-KO0_FZszA1oZWeL0aAWdNh64pUfp3J-U7_9MY55VNpRfni51QIjkXkP4_kVhDLKoY0zuiAeDzR5AuUe_4neCiVoZO9cW5Z6HV8hFl&usqp=CAE""width=""60"" height=""60"">";"<a href=""https://origitech.com.ua/products/elektrochajnik-gorenje-k17clbk?srsltid=AYJSbAc7Csz1hNE400zSyVFZUu7-_c9etbV6YuPrbxwKHLD5MxNvxO31BHA"">link</a>"
GoodSmart;Электрочайник Gorenje K17G;1959.0;53;"<img src=""https://encrypted-tbn3.gstatic.com/shopping?q=tbn:ANd9GcQ6KbxhdNf4ccrJP4-4gGmOqMxkUeZfJeCF2bhjIQY55-n9QyO3uD2WOO5YbjcAjifphw5I-m6R2mxq6OErh4XR1lzQbFxEmXmB8oX1XlM&usqp=CAE""width=""60"" height=""60"">";"<a href=""https://goodsmart.in.ua/ru-bytovaya-tehnika/ru-melkaya-bytovaya-tehnika-dlya-kuhni/ru-elektrochajniki/elektrochajnik-gorenje-k17g-ru?srsltid=AYJSbAfX7U0JeuM-34SCnn41Dp92ynx0hBPNzH5jYncTvwPpRH9ZBG7XTVo"">link</a>"
Prom.ua;Электрочайник Gorenje K 17 G (KE7096) 1.7 л / 2200 Вт / стекло (K17G);1990.0;20;"<img src=""https://encrypted-tbn1.gstatic.com/shopping?q=tbn:ANd9GcQmFjV635LVtPmXABOcE6T8FNoXesnNWDJH8K_ncGDbrukgX0zQBtn7ZyJ48fSGT-wTcx2r7V0EdjfjbPZhHmc0hCVwdK0jAsOoANEB65_U&usqp=CAE""width=""60"" height=""60"">";"<a href=""https://prom.ua/p445858108-elektrochajnik-gorenje-ke7096.html?srsltid=AYJSbAe5EPSPNZWxRkAEVz13R4kmxcpokK6WhHHCrELsmCTwfSnRGbC2Ar8"">link</a>"
Prom.ua;Електрочайник Gorenje K17G;1999.0;7;"<img src=""https://encrypted-tbn1.gstatic.com/shopping?q=tbn:ANd9GcQ1702sFqqHfbpDzoyr1xBa8KyVM21CsPodOKMxW8w_B_jjWuNqzI6C-24RBt4xh5fHvLaVPiUXhAB_rjLzOfZM4aI5NiIh35ddV1Goyvc&usqp=CAE""width=""60"" height=""60"">";"<a href=""https://prom.ua/ua/p1549008934-elektrochajnik-gorenje-k17g.html?srsltid=AYJSbAfZaLSCw2dj-MfqjJtK9xaNuEcEulNcgGjnATfwgAyl3H7xjxjOfXw"">link</a>"
Elmir.ua;Электрочайник Gorenje K17CLI;2089.0;13;"<img src=""https://encrypted-tbn3.gstatic.com/shopping?q=tbn:ANd9GcQ7Uo_Bob8j98iTYLRn3GO1giyUuHjz1wiXMbhjEFGeb-IlCXNeshykN3Bsem7b-p-B8bvLXs0QqwnGxJTE04qYwgaotoCfEt9wqeOUCQKosmFJs3vfc5XM7Q&usqp=CAE""width=""60"" height=""60"">";"<a href=""https://elmir.ua/electric_kettles/kettle_gorenje_k17cli.html?srsltid=AYJSbAf4BYj2OwnveeWa3CwaVcp1d6oo0IfLad3pjWJYk64qcwAKVx5N0HY"">link</a>"
sz.ua;Электрочайник Gorenje K 17 CLBK (K17CLBK);2089.0;19;"<img src=""https://encrypted-tbn3.gstatic.com/shopping?q=tbn:ANd9GcRH4lKk8pPdGpbzozCreYuWffUCDG9UrZj5GvUzXNn7PjDan0_giLWBjayPDxzLlGIgWzFLIixVAI_qiFx0UYl0j6D55Qp0DvBc783efrI&usqp=CAE""width=""60"" height=""60"">";"<a href=""https://sz.ua/elektrochaynuk-gorenje-k-17-clbk-k17clbk/"">link</a>"
Мобиллак;Gorenje Электрочайник K 17 CLI (K17CLI);2198.0;54;"<img src=""https://encrypted-tbn1.gstatic.com/shopping?q=tbn:ANd9GcTPQEBlthBU6ziy2tCjZuoiFi3dQr8cWf5dI-nuF8ea_Uh2Vx9hPI9OJcXT3HuKOS7jMmr2RmOvGD4CzL1mGGvVoMqu_si6OQ&usqp=CAE""width=""60"" height=""60"">";"<a href=""https://www.mobilluck.com.ua/katalog/Electrokettle/Gorenje/Gorenje-Elektrocajnik_K_17_CLI_K17CLI_-2729944.html"">link</a>"
АЛЛО;Электрочайник GORENJE K17CLBK;2254.0;15;"<img src=""https://encrypted-tbn0.gstatic.com/shopping?q=tbn:ANd9GcTqORyNix5wYInP1-LE9jWsR7snVki14ypsFmBoKi41zoqyfo00lKixsN83DkNg9NGmi8HwWYtD7qZI4ceNBa9LxSnKsfabJ_gg42_DDJTotNU9AGGZ73Y_&usqp=CAE""width=""60"" height=""60"">";"<a href=""https://allo.ua/ru/elektrochajniki/gorenje-k-17-clbk.html"">link</a>"
coffeeok;Электрочайник Gorenje K17CLBK 1,7 л;2259.0;27;"<img src=""https://encrypted-tbn3.gstatic.com/shopping?q=tbn:ANd9GcTHRtw_khvIV0vAk53DpPCBssEGYDkSNaMBZQ8-zCzYS8zTiHQ44EvDJJZm3Shra42pEHJpSA2Ff5KEE1nokrcrUAlIim6t4MLeNZeFmX6KPI25DatbAuCi&usqp=CAE""width=""60"" height=""60"">";"<a href=""https://coffeeok.com.ua/product/jelektrochajnik-gorenje-k17clbk-1-7-l.html"">link</a>"
EuroHim;Електрочайник Gorenje K 17 CLBK (K17CLBK);2259.0;60;"<img src=""https://encrypted-tbn0.gstatic.com/shopping?q=tbn:ANd9GcQe0MQpUe50_EM8d9X-DhBa-vCzdSKYLHUnolV3CI-RS8BKnzEHXr6hazyixBBHr1dCSv0q1EDFk_6t0XwID3yZL4tjdT-rfw&usqp=CAE""width=""60"" height=""60"">";"<a href=""https://eurohim.com.ua/bitovaja-tehnika/tehnika-dlja-kuhni/jelektrochajniki/elektrochajnik-gorenje-k-17-clbk-k17clbk"">link</a>"
1perviy;Чайник Gorenje K17CLI;2294.05;22;"<img src=""https://encrypted-tbn2.gstatic.com/shopping?q=tbn:ANd9GcRPeqyLWw4BoGaPy_Rw6zs-2uT_T_D4URRirp400Dg-ikbm__tx3hd4o-uwy55P3texCWsjQAptfELB67jdEY_Jq9C1Al_C&usqp=CAE""width=""60"" height=""60"">";"<a href=""https://1perviy.com.ua/chajnik-gorenje-k17cli-uk"">link</a>"
ringoo.ua;Електрочайник Gorenje K17CLI Beige;2299.0;24;"<img src=""https://encrypted-tbn2.gstatic.com/shopping?q=tbn:ANd9GcTi6aOrqKBphHMJx42lCO-ZN9qjvAbY5WIev7VeNZ1_90Ulmv_hfDBzzo-LC9aHYMnrcOYY0sfHIV5PJPRhRkEyAu-Y6M-Q&usqp=CAE""width=""60"" height=""60"">";"<a href=""https://ringoo.ua/ru/elektrochajnik-gorenje-k17cli-bezhevij.html"">link</a>"
ringoo.ua;Електрочайник Gorenje K17CLBK Black;2299.0;44;"<img src=""https://encrypted-tbn2.gstatic.com/shopping?q=tbn:ANd9GcS1SLZr-V3FrCqrxmKSR9a-b_mQuf7j-28kTRpCB4jINinytf_9U9Ef9aGzs9gul-Z3flojun0ex6WBC8cshKGLKrMjcqB_&usqp=CAE""width=""60"" height=""60"">";"<a href=""https://ringoo.ua/elektrochajnik-gorenje-k17clbk-chornij.html"">link</a>"
ТопМаркет;Чайник GORENJE K17CLBK;2460.0;21;"<img src=""https://encrypted-tbn2.gstatic.com/shopping?q=tbn:ANd9GcSWSzX2sckd9a-57oQanbw87jTLfViA936L-cbHC1ucjnEElueDK7r3WxucKjUSZ5HMxjr7O8oQDhEwK7TzsXc8M7Qld8r-utx1leQ9DthRyp9pc96rTiRWAw&usqp=CAE""width=""60"" height=""60"">";"<a href=""https://topmarket.lviv.ua/chaynik-gorenje-k17clbk/?srsltid=AYJSbAfHsh5a3GvaA_rKY6W1r72npR_rJ_EvNGV0lMPk5FgsnAqiW_DcGf4"">link</a>"
ЖЖУК;Электрочайник Gorenje K17CLBK;2499.0;49;"<img src=""https://encrypted-tbn0.gstatic.com/shopping?q=tbn:ANd9GcRgG31qwkiC-REzTBSO9mYdCuNLdbBGutw9GGUsIVfzzW9kDVLa4LCKY0hDGuBhLI57SpGc-UAJF0moiH0_ff6OkL4ad8uSJOJkF6xjVPpDpOR2YFEy50ea&usqp=CAE""width=""60"" height=""60"">";"<a href=""http://zhuk.ua/ru/copy_elektrochaynik-gorenje-k17s?srsltid=AYJSbAcQsdGMtPrD513c_XBXMaV4-0OEmaOituMBTctMns2B1ZHTaw__jbI"">link</a>"
590.ua;Чайник Gorenje K17CLBK;2499.0;11;"<img src=""https://encrypted-tbn1.gstatic.com/shopping?q=tbn:ANd9GcQUDOXwdOWnKFJjEIN-3hdEAnCeeY7564sLBhtwTjmTSS5Y8TMmDSMSgsQ9CIwFZtgWyHxZNYhr7nQZRgfcKgDYEO2OXxo_TCYlk5kdeNNPivEjNXmPpm0d&usqp=CAE""width=""60"" height=""60"">";"<a href=""https://590.ua/ua/smallbt/kettle/gorenje-k-17-clbk?srsltid=AYJSbAfnVTuopyipx1UgQ_lfLt9MWKOq-eBWKF43Ho3dkxNdlYh-wuk_63c"">link</a>"
coffeeok;Электрочайник Gorenje K17CLI 1,7 л;2499.0;18;"<img src=""https://encrypted-tbn3.gstatic.com/shopping?q=tbn:ANd9GcRpUTBDSTLxjVxRBC-rLwPqC0nmVCQf8dNEnPR7JQZBoiCq-CHjLGoTypLJTnBwEwlRg3NF-fPFOF3WLkRO2SG3i0cxHknA_wxDbW44lX5MHskQKxs6cAHs&usqp=CAE""width=""60"" height=""60"">";"<a href=""https://coffeeok.com.ua/product/jelektrochajnik-gorenje-k17cli-1-7-l.html"">link</a>"
KV Shop;Електрочайник Gorenje K15RLBK;2499.0;28;"<img src=""https://encrypted-tbn3.gstatic.com/shopping?q=tbn:ANd9GcQ_n8vVZS6PcVNS9T_1ahaD3rP3_n_Ngc9eouepPn5WPiflFE7jov3c-LDxkMEozyBjvtIiCQfqqWcFGKFoNcyqdWncXCld5QXgZPPy-5xGeC-1-FPhLOTGRg&usqp=CAE""width=""60"" height=""60"">";"<a href=""https://kvshop.com.ua/elektrochayniki/gorenje/gorenje-k-15-rlbk/?utm_source=google&utm_medium=free_merchant"">link</a>"
Prom.ua;Електрочайник Gorenje K17CLBK ОРИГИНАЛ original ПРЕДОПЛАТА 100%;2633.0;47;"<img src=""https://encrypted-tbn1.gstatic.com/shopping?q=tbn:ANd9GcQMuH2i_C2EdFSGO9LEYqhCAcDoO_g73LvIU1mGDvamcRa-Py2OAv5nryrMr-CVU_tWl4SApibL7X30auGobLCDNx97_kmHaI_-j6GGBSf7H6dJ2YQsznXQ&usqp=CAE""width=""60"" height=""60"">";"<a href=""https://prom.ua/ua/p1716670378-elektrochajnik-gorenje-k17clbk.html?srsltid=AYJSbAdIsuamVP4VsvaANN93ZTHjthPMTT9AiF7wsqbh5hRT1qgEsJcUCR8"">link</a>"
